objective,schedule,epsilon,seed,N,path_length,success
zerochain,A,0.5,0,1,0.0,1
zerochain,A,0.5,1,201,118.43848777113874,1
zerochain,A,0.5,2,201,113.16965672691958,1
zerochain,A,0.5,3,1601,928.0972045746864,1
zerochain,A,0.5,4,1201,688.3666315121415,1
zerochain,A,0.5,5,801,463.64345309870686,1
zerochain,A,0.5,6,201,116.88857831852603,1
zerochain,A,0.5,7,201,116.58608327612735,1
zerochain,A,0.5,8,201,114.02486444048859,1
zerochain,A,0.5,9,201,117.3721730209033,1
zerochain,A,0.3,0,98801,57319.32989659679,1
zerochain,A,0.3,1,34001,19686.984031822692,1
zerochain,A,0.3,2,463601,268643.1323064731,1
zerochain,A,0.3,3,832001,482278.121930115,1
zerochain,A,0.3,4,1000000,579708.1185274593,0
zerochain,A,0.3,5,719201,416956.9229710682,1
zerochain,A,0.3,6,461801,267672.0241944815,1
zerochain,A,0.3,7,476201,276114.46674485056,1
zerochain,A,0.3,8,153801,89149.5598418118,1
zerochain,A,0.3,9,640401,371247.6441147678,1
zerochain,A,0.2,0,1000000,579627.7030829274,budget_limited
zerochain,A,0.2,1,1000000,579675.6539789453,budget_limited
zerochain,A,0.2,2,1000000,579694.3896697777,budget_limited
zerochain,A,0.2,3,1000000,579657.8483124728,budget_limited
zerochain,A,0.2,4,1000000,579708.1185274593,budget_limited
zerochain,A,0.2,5,1000000,579733.5988977567,budget_limited
zerochain,A,0.2,6,1000000,579667.1316886763,budget_limited
zerochain,A,0.2,7,1000000,579707.8848719887,budget_limited
zerochain,A,0.2,8,1000000,580028.4293127006,budget_limited
zerochain,A,0.2,9,1000000,579737.6479757725,budget_limited
zerochain,A,0.15,0,1000000,579627.7030829274,budget_limited
zerochain,A,0.15,1,1000000,579675.6539789453,budget_limited
zerochain,A,0.15,2,1000000,579694.3896697777,budget_limited
zerochain,A,0.15,3,1000000,579657.8483124728,budget_limited
zerochain,A,0.15,4,1000000,579708.1185274593,budget_limited
zerochain,A,0.15,5,1000000,579733.5988977567,budget_limited
zerochain,A,0.15,6,1000000,579667.1316886763,budget_limited
zerochain,A,0.15,7,1000000,579707.8848719887,budget_limited
zerochain,A,0.15,8,1000000,580028.4293127006,budget_limited
zerochain,A,0.15,9,1000000,579737.6479757725,budget_limited
zerochain,A,0.1,0,1000000,579627.7030829274,budget_limited
zerochain,A,0.1,1,1000000,579675.6539789453,budget_limited
zerochain,A,0.1,2,1000000,579694.3896697777,budget_limited
zerochain,A,0.1,3,1000000,579657.8483124728,budget_limited
zerochain,A,0.1,4,1000000,579708.1185274593,budget_limited
zerochain,A,0.1,5,1000000,579733.5988977567,budget_limited
zerochain,A,0.1,6,1000000,579667.1316886763,budget_limited
zerochain,A,0.1,7,1000000,579707.8848719887,budget_limited
zerochain,A,0.1,8,1000000,580028.4293127006,budget_limited
zerochain,A,0.1,9,1000000,579737.6479757725,budget_limited
zerochain,A,0.07,0,1000000,579627.7030829274,budget_limited
zerochain,A,0.07,1,1000000,579675.6539789453,budget_limited
zerochain,A,0.07,2,1000000,579694.3896697777,budget_limited
zerochain,A,0.07,3,1000000,579657.8483124728,budget_limited
zerochain,A,0.07,4,1000000,579708.1185274593,budget_limited
zerochain,A,0.07,5,1000000,579733.5988977567,budget_limited
zerochain,A,0.07,6,1000000,579667.1316886763,budget_limited
zerochain,A,0.07,7,1000000,579707.8848719887,budget_limited
zerochain,A,0.07,8,1000000,580028.4293127006,budget_limited
zerochain,A,0.07,9,1000000,579737.6479757725,budget_limited
zerochain,A,0.05,0,1000000,579627.7030829274,budget_limited
zerochain,A,0.05,1,1000000,579675.6539789453,budget_limited
zerochain,A,0.05,2,1000000,579694.3896697777,budget_limited
zerochain,A,0.05,3,1000000,579657.8483124728,budget_limited
zerochain,A,0.05,4,1000000,579708.1185274593,budget_limited
zerochain,A,0.05,5,1000000,579733.5988977567,budget_limited
zerochain,A,0.05,6,1000000,579667.1316886763,budget_limited
zerochain,A,0.05,7,1000000,579707.8848719887,budget_limited
zerochain,A,0.05,8,1000000,580028.4293127006,budget_limited
zerochain,A,0.05,9,1000000,579737.6479757725,budget_limited
zerochain,B,0.5,0,1,0.0,1
zerochain,B,0.5,1,201,39.23441934838857,1
zerochain,B,0.5,2,201,39.01394623195871,1
zerochain,B,0.5,3,201,39.69895671292055,1
zerochain,B,0.5,4,401,56.769005150788104,1
zerochain,B,0.5,5,201,38.95900534643759,1
zerochain,B,0.5,6,201,38.661480408416196,1
zerochain,B,0.5,7,201,39.05261335671224,1
zerochain,B,0.5,8,201,39.660530146164355,1
zerochain,B,0.5,9,201,39.81350337673297,1
zerochain,B,0.3,0,401,57.49308094121825,1
zerochain,B,0.3,1,201,39.23441934838857,1
zerochain,B,0.3,2,401,57.441773505247475,1
zerochain,B,0.3,3,401,58.29413161219267,1
zerochain,B,0.3,4,401,56.769005150788104,1
zerochain,B,0.3,5,201,38.95900534643759,1
zerochain,B,0.3,6,201,38.661480408416196,1
zerochain,B,0.3,7,201,39.05261335671224,1
zerochain,B,0.3,8,401,58.491106269695905,1
zerochain,B,0.3,9,201,39.81350337673297,1
zerochain,B,0.2,0,1201,103.11104764253822,1
zerochain,B,0.2,1,401,57.52651717272874,1
zerochain,B,0.2,2,801,83.03103312766638,1
zerochain,B,0.2,3,1201,104.07690758739129,1
zerochain,B,0.2,4,401,56.769005150788104,1
zerochain,B,0.2,5,601,72.00007481907858,1
zerochain,B,0.2,6,601,71.10943165333202,1
zerochain,B,0.2,7,1601,119.42790715021091,1
zerochain,B,0.2,8,1201,103.37535816263559,1
zerochain,B,0.2,9,801,84.7191271848091,1
zerochain,B,0.15,0,1201,103.11104764253822,1
zerochain,B,0.15,1,1601,119.2253352735596,1
zerochain,B,0.15,2,1601,119.53519748522194,1
zerochain,B,0.15,3,1601,120.28835799084568,1
zerochain,B,0.15,4,1401,110.8060656823253,1
zerochain,B,0.15,5,1001,94.33868011854534,1
zerochain,B,0.15,6,1001,93.59797134631133,1
zerochain,B,0.15,7,2201,140.41515735400426,1
zerochain,B,0.15,8,1601,119.79728854803865,1
zerochain,B,0.15,9,1201,104.42954532756488,1
zerochain,B,0.1,0,9401,296.08329545922777,1
zerochain,B,0.1,1,7001,253.6547365644768,1
zerochain,B,0.1,2,7001,254.41802707942094,1
zerochain,B,0.1,3,9401,296.55772345835055,1
zerochain,B,0.1,4,15201,376.28106888515373,1
zerochain,B,0.1,5,4201,197.14313453612627,1
zerochain,B,0.1,6,6001,235.87149407447646,1
zerochain,B,0.1,7,3401,175.89712300362285,1
zerochain,B,0.1,8,8601,283.05329570483553,1
zerochain,B,0.1,9,5001,216.24186160195487,1
zerochain,B,0.07,0,43001,637.841797208721,1
zerochain,B,0.07,1,63601,773.8661924455482,1
zerochain,B,0.07,2,61001,759.3120060991071,1
zerochain,B,0.07,3,54401,717.9269438756564,1
zerochain,B,0.07,4,48401,674.8819971676635,1
zerochain,B,0.07,5,23801,474.0927534918799,1
zerochain,B,0.07,6,40201,616.6706902067599,1
zerochain,B,0.07,7,30401,534.4538946832238,1
zerochain,B,0.07,8,14601,369.98782759320204,1
zerochain,B,0.07,9,42801,637.4470013894876,1
zerochain,B,0.05,0,164401,1248.9058610774111,1
zerochain,B,0.05,1,116001,1046.2266063559073,1
zerochain,B,0.05,2,132601,1121.0562687567594,1
zerochain,B,0.05,3,205001,1394.9661405821307,1
zerochain,B,0.05,4,280601,1630.2494832684633,1
zerochain,B,0.05,5,87001,908.2981745290515,1
zerochain,B,0.05,6,616201,2420.179216664,1
zerochain,B,0.05,7,306801,1706.1134734963102,1
zerochain,B,0.05,8,240601,1510.7195601092453,1
zerochain,B,0.05,9,57601,739.9415521922464,1
zerochain,C,0.5,0,1,0.0,1
zerochain,C,0.5,1,201,38.968794721235945,1
zerochain,C,0.5,2,201,38.605451729356055,1
zerochain,C,0.5,3,201,39.259563608152376,1
zerochain,C,0.5,4,401,61.72330457081828,1
zerochain,C,0.5,5,201,38.537467479151225,1
zerochain,C,0.5,6,201,38.59196023137603,1
zerochain,C,0.5,7,201,38.45173300314839,1
zerochain,C,0.5,8,201,39.56676583665449,1
zerochain,C,0.5,9,201,39.39180668002082,1
zerochain,C,0.3,0,801,100.12587271310386,1
zerochain,C,0.3,1,201,38.968794721235945,1
zerochain,C,0.3,2,801,99.54752308802522,1
zerochain,C,0.3,3,801,100.98188153842794,1
zerochain,C,0.3,4,401,61.72330457081828,1
zerochain,C,0.3,5,601,82.93709621772493,1
zerochain,C,0.3,6,201,38.59196023137603,1
zerochain,C,0.3,7,201,38.45173300314839,1
zerochain,C,0.3,8,401,63.85815012869137,1
zerochain,C,0.3,9,201,39.39180668002082,1
zerochain,C,0.2,0,1201,131.2268707311874,1
zerochain,C,0.2,1,401,62.62053882213247,1
zerochain,C,0.2,2,1601,158.92323506133457,1
zerochain,C,0.2,3,1201,132.35720730998628,1
zerochain,C,0.2,4,1401,144.59908284587814,1
zerochain,C,0.2,5,601,82.93709621772493,1
zerochain,C,0.2,6,601,82.15768860770123,1
zerochain,C,0.2,7,3401,262.3277803349914,1
zerochain,C,0.2,8,1601,159.22403296649412,1
zerochain,C,0.2,9,1201,132.7700370783862,1
zerochain,C,0.15,0,7001,426.3272389122666,1
zerochain,C,0.15,1,2001,183.8294582914979,1
zerochain,C,0.15,2,1601,158.92323506133457,1
zerochain,C,0.15,3,1601,159.57549069859152,1
zerochain,C,0.15,4,8601,488.036120341638,1
zerochain,C,0.15,5,1001,117.03844674972642,1
zerochain,C,0.15,6,1001,116.46566212041694,1
zerochain,C,0.15,7,3401,262.3277803349914,1
zerochain,C,0.15,8,2001,184.54292840246262,1
zerochain,C,0.15,9,5001,342.3469063198429,1
zerochain,C,0.1,0,20001,858.6788233500539,1
zerochain,C,0.1,1,19401,838.3777154639122,1
zerochain,C,0.1,2,30601,1138.418399395336,1
zerochain,C,0.1,3,54401,1670.579515371596,1
zerochain,C,0.1,4,60601,1791.1302473554558,1
zerochain,C,0.1,5,23801,964.7048948268645,1
zerochain,C,0.1,6,20601,875.656607781455,1
zerochain,C,0.1,7,34601,1233.5802743649351,1
zerochain,C,0.1,8,17001,769.8628241082313,1
zerochain,C,0.1,9,13201,652.2760452466773,1
zerochain,C,0.07,0,64801,1877.0042685476233,1
zerochain,C,0.07,1,180001,3695.4349280747974,1
zerochain,C,0.07,2,50601,1590.4011603811794,1
zerochain,C,0.07,3,90601,2344.8646714300294,1
zerochain,C,0.07,4,306801,5273.674230131234,1
zerochain,C,0.07,5,108801,2648.959384918672,1
zerochain,C,0.07,6,163601,3474.202751295948,1
zerochain,C,0.07,7,60201,1783.887896602962,1
zerochain,C,0.07,8,17001,769.8628241082313,1
zerochain,C,0.07,9,19001,831.0182241737594,1
zerochain,C,0.05,0,783801,9855.13583666101,1
zerochain,C,0.05,1,696601,9106.466670870768,1
zerochain,C,0.05,2,177001,3659.4742470150304,1
zerochain,C,0.05,3,383801,6125.9592751829305,1
zerochain,C,0.05,4,340601,5653.683286404357,1
zerochain,C,0.05,5,212601,4134.827329755547,1
zerochain,C,0.05,6,1000000,11594.985372566547,0
zerochain,C,0.05,7,443001,6739.905613329057,1
zerochain,C,0.05,8,500001,7305.458875262827,1
zerochain,C,0.05,9,19001,831.0182241737594,1
zerochain,D,0.5,0,1,0.0,1
zerochain,D,0.5,1,201,60.66105568792995,1
zerochain,D,0.5,2,201,59.41426181245283,1
zerochain,D,0.5,3,201,59.91536056272189,1
zerochain,D,0.5,4,201,58.605583128266964,1
zerochain,D,0.5,5,201,58.63167258184688,1
zerochain,D,0.5,6,201,59.869358399631395,1
zerochain,D,0.5,7,201,59.12442299482364,1
zerochain,D,0.5,8,201,59.7925770858556,1
zerochain,D,0.5,9,201,60.28376688687734,1
zerochain,D,0.3,0,401,101.58005152957534,1
zerochain,D,0.3,1,201,60.66105568792995,1
zerochain,D,0.3,2,201,59.41426181245283,1
zerochain,D,0.3,3,201,59.91536056272189,1
zerochain,D,0.3,4,401,100.80550179242627,1
zerochain,D,0.3,5,201,58.63167258184688,1
zerochain,D,0.3,6,201,59.869358399631395,1
zerochain,D,0.3,7,201,59.12442299482364,1
zerochain,D,0.3,8,201,59.7925770858556,1
zerochain,D,0.3,9,201,60.28376688687734,1
zerochain,D,0.2,0,1001,205.69930032238102,1
zerochain,D,0.2,1,601,139.74777748366358,1
zerochain,D,0.2,2,201,59.41426181245283,1
zerochain,D,0.2,3,1001,207.4221517753637,1
zerochain,D,0.2,4,401,100.80550179242627,1
zerochain,D,0.2,5,401,101.80787295345466,1
zerochain,D,0.2,6,201,59.869358399631395,1
zerochain,D,0.2,7,201,59.12442299482364,1
zerochain,D,0.2,8,601,139.9375935251587,1
zerochain,D,0.2,9,1001,208.59245964863925,1
zerochain,D,0.15,0,1201,236.85897323300938,1
zerochain,D,0.15,1,601,139.74777748366358,1
zerochain,D,0.15,2,801,172.9830248125532,1
zerochain,D,0.15,3,1401,267.357709810307,1
zerochain,D,0.15,4,1201,235.1192019464805,1
zerochain,D,0.15,5,801,174.8808261772015,1
zerochain,D,0.15,6,2401,401.6649205460177,1
zerochain,D,0.15,7,401,102.21746243974414,1
zerochain,D,0.15,8,1601,293.84091358384035,1
zerochain,D,0.15,9,1801,326.941125054494,1
zerochain,D,0.1,0,2401,400.0323169838338,1
zerochain,D,0.1,1,10801,1247.879495948782,1
zerochain,D,0.1,2,2201,375.1146944503705,1
zerochain,D,0.1,3,3001,474.6348193921777,1
zerochain,D,0.1,4,7601,957.7682260244477,1
zerochain,D,0.1,5,6401,843.1258860290641,1
zerochain,D,0.1,6,14001,1520.7068124663183,1
zerochain,D,0.1,7,3001,474.3382895575165,1
zerochain,D,0.1,8,3401,521.183502485799,1
zerochain,D,0.1,9,4801,681.2329125332667,1
zerochain,D,0.07,0,25401,2385.7602042767567,1
zerochain,D,0.07,1,63601,4748.54802233988,1
zerochain,D,0.07,2,19001,1914.9975525179918,1
zerochain,D,0.07,3,46201,3738.760188367012,1
zerochain,D,0.07,4,11001,1265.4989886887315,1
zerochain,D,0.07,5,33801,2957.594635936658,1
zerochain,D,0.07,6,19801,1976.6401078322535,1
zerochain,D,0.07,7,42801,3524.0359904399907,1
zerochain,D,0.07,8,6001,800.50213913839,1
zerochain,D,0.07,9,18201,1858.3510995280462,1
zerochain,D,0.05,0,76801,5481.935541700562,1
zerochain,D,0.05,1,308401,15549.08093464231,1
zerochain,D,0.05,2,147401,8936.181287311594,1
zerochain,D,0.05,3,103201,6839.395307652833,1
zerochain,D,0.05,4,91801,6251.744225206713,1
zerochain,D,0.05,5,33801,2957.594635936658,1
zerochain,D,0.05,6,295801,15080.616827437469,1
zerochain,D,0.05,7,88401,6082.094624571027,1
zerochain,D,0.05,8,6001,800.50213913839,1
zerochain,D,0.05,9,57601,4420.79162830692,1
sinusoid,A,0.5,0,1,0.0,1
sinusoid,A,0.5,1,201,140.5261793305776,1
sinusoid,A,0.5,2,201,137.85834806163197,1
sinusoid,A,0.5,3,1201,837.1023764983786,1
sinusoid,A,0.5,4,401,275.09214754720153,1
sinusoid,A,0.5,5,201,137.13222419868782,1
sinusoid,A,0.5,6,401,276.60247112402755,1
sinusoid,A,0.5,7,201,139.76490554299966,1
sinusoid,A,0.5,8,1,0.0,1
sinusoid,A,0.5,9,1201,839.9384757047441,1
sinusoid,A,0.3,0,1000000,697060.932027521,budget_limited
sinusoid,A,0.3,1,1000000,697154.2143164504,budget_limited
sinusoid,A,0.3,2,1000000,697084.6583336439,budget_limited
sinusoid,A,0.3,3,1000000,697130.4160852062,budget_limited
sinusoid,A,0.3,4,1000000,697172.32672958,budget_limited
sinusoid,A,0.3,5,1000000,697212.3536449985,budget_limited
sinusoid,A,0.3,6,1000000,697070.364351119,budget_limited
sinusoid,A,0.3,7,1000000,697183.3515451482,budget_limited
sinusoid,A,0.3,8,1000000,697437.1269014572,budget_limited
sinusoid,A,0.3,9,1000000,697250.304327508,budget_limited
sinusoid,A,0.2,0,1000000,697060.932027521,budget_limited
sinusoid,A,0.2,1,1000000,697154.2143164504,budget_limited
sinusoid,A,0.2,2,1000000,697084.6583336439,budget_limited
sinusoid,A,0.2,3,1000000,697130.4160852062,budget_limited
sinusoid,A,0.2,4,1000000,697172.32672958,budget_limited
sinusoid,A,0.2,5,1000000,697212.3536449985,budget_limited
sinusoid,A,0.2,6,1000000,697070.364351119,budget_limited
sinusoid,A,0.2,7,1000000,697183.3515451482,budget_limited
sinusoid,A,0.2,8,1000000,697437.1269014572,budget_limited
sinusoid,A,0.2,9,1000000,697250.304327508,budget_limited
sinusoid,A,0.15,0,1000000,697060.932027521,budget_limited
sinusoid,A,0.15,1,1000000,697154.2143164504,budget_limited
sinusoid,A,0.15,2,1000000,697084.6583336439,budget_limited
sinusoid,A,0.15,3,1000000,697130.4160852062,budget_limited
sinusoid,A,0.15,4,1000000,697172.32672958,budget_limited
sinusoid,A,0.15,5,1000000,697212.3536449985,budget_limited
sinusoid,A,0.15,6,1000000,697070.364351119,budget_limited
sinusoid,A,0.15,7,1000000,697183.3515451482,budget_limited
sinusoid,A,0.15,8,1000000,697437.1269014572,budget_limited
sinusoid,A,0.15,9,1000000,697250.304327508,budget_limited
sinusoid,A,0.1,0,1000000,697060.932027521,budget_limited
sinusoid,A,0.1,1,1000000,697154.2143164504,budget_limited
sinusoid,A,0.1,2,1000000,697084.6583336439,budget_limited
sinusoid,A,0.1,3,1000000,697130.4160852062,budget_limited
sinusoid,A,0.1,4,1000000,697172.32672958,budget_limited
sinusoid,A,0.1,5,1000000,697212.3536449985,budget_limited
sinusoid,A,0.1,6,1000000,697070.364351119,budget_limited
sinusoid,A,0.1,7,1000000,697183.3515451482,budget_limited
sinusoid,A,0.1,8,1000000,697437.1269014572,budget_limited
sinusoid,A,0.1,9,1000000,697250.304327508,budget_limited
sinusoid,A,0.07,0,1000000,697060.932027521,budget_limited
sinusoid,A,0.07,1,1000000,697154.2143164504,budget_limited
sinusoid,A,0.07,2,1000000,697084.6583336439,budget_limited
sinusoid,A,0.07,3,1000000,697130.4160852062,budget_limited
sinusoid,A,0.07,4,1000000,697172.32672958,budget_limited
sinusoid,A,0.07,5,1000000,697212.3536449985,budget_limited
sinusoid,A,0.07,6,1000000,697070.364351119,budget_limited
sinusoid,A,0.07,7,1000000,697183.3515451482,budget_limited
sinusoid,A,0.07,8,1000000,697437.1269014572,budget_limited
sinusoid,A,0.07,9,1000000,697250.304327508,budget_limited
sinusoid,A,0.05,0,1000000,697060.932027521,budget_limited
sinusoid,A,0.05,1,1000000,697154.2143164504,budget_limited
sinusoid,A,0.05,2,1000000,697084.6583336439,budget_limited
sinusoid,A,0.05,3,1000000,697130.4160852062,budget_limited
sinusoid,A,0.05,4,1000000,697172.32672958,budget_limited
sinusoid,A,0.05,5,1000000,697212.3536449985,budget_limited
sinusoid,A,0.05,6,1000000,697070.364351119,budget_limited
sinusoid,A,0.05,7,1000000,697183.3515451482,budget_limited
sinusoid,A,0.05,8,1000000,697437.1269014572,budget_limited
sinusoid,A,0.05,9,1000000,697250.304327508,budget_limited
sinusoid,B,0.5,0,1,0.0,1
sinusoid,B,0.5,1,201,39.45770919974079,1
sinusoid,B,0.5,2,201,39.20449554255648,1
sinusoid,B,0.5,3,201,39.85310439247497,1
sinusoid,B,0.5,4,401,56.96191656623827,1
sinusoid,B,0.5,5,201,39.136176600298604,1
sinusoid,B,0.5,6,201,38.84537759592198,1
sinusoid,B,0.5,7,201,39.1791494770378,1
sinusoid,B,0.5,8,1,0.0,1
sinusoid,B,0.5,9,201,39.90948071639026,1
sinusoid,B,0.3,0,401,57.699820936632705,1
sinusoid,B,0.3,1,201,39.45770919974079,1
sinusoid,B,0.3,2,401,57.627703089188365,1
sinusoid,B,0.3,3,401,58.4437210105568,1
sinusoid,B,0.3,4,401,56.96191656623827,1
sinusoid,B,0.3,5,201,39.136176600298604,1
sinusoid,B,0.3,6,201,38.84537759592198,1
sinusoid,B,0.3,7,201,39.1791494770378,1
sinusoid,B,0.3,8,401,58.651139900701125,1
sinusoid,B,0.3,9,201,39.90948071639026,1
sinusoid,B,0.2,0,1201,103.30938188098753,1
sinusoid,B,0.2,1,401,57.74536555198484,1
sinusoid,B,0.2,2,801,83.21243924688288,1
sinusoid,B,0.2,3,1201,104.21885807022643,1
sinusoid,B,0.2,4,401,56.96191656623827,1
sinusoid,B,0.2,5,601,72.16896310546117,1
sinusoid,B,0.2,6,601,71.28774138050638,1
sinusoid,B,0.2,7,1201,103.08428034229213,1
sinusoid,B,0.2,8,1201,103.52813464091881,1
sinusoid,B,0.2,9,801,84.80581130487622,1
sinusoid,B,0.15,0,1201,103.30938188098753,1
sinusoid,B,0.15,1,1601,119.43558531406585,1
sinusoid,B,0.15,2,1601,119.71238981222953,1
sinusoid,B,0.15,3,1601,120.42813628872466,1
sinusoid,B,0.15,4,1401,110.99097252126346,1
sinusoid,B,0.15,5,1001,94.50358365600641,1
sinusoid,B,0.15,6,1001,93.77315757576855,1
sinusoid,B,0.15,7,2201,140.52649147502467,1
sinusoid,B,0.15,8,1601,119.94811281299788,1
sinusoid,B,0.15,9,1201,104.51368407458007,1
sinusoid,B,0.1,0,9401,296.2680364289985,1
sinusoid,B,0.1,1,7001,253.85589346914915,1
sinusoid,B,0.1,2,2001,134.2738804779408,1
sinusoid,B,0.1,3,9401,296.6856544622131,1
sinusoid,B,0.1,4,15201,376.45010762418644,1
sinusoid,B,0.1,5,4201,197.2981953225237,1
sinusoid,B,0.1,6,6001,236.0347121167839,1
sinusoid,B,0.1,7,3401,176.00560672797565,1
sinusoid,B,0.1,8,8601,283.1930380037341,1
sinusoid,B,0.1,9,5001,216.3161422956789,1
sinusoid,B,0.07,0,43001,638.0161192876559,1
sinusoid,B,0.07,1,63601,774.0528599636268,1
sinusoid,B,0.07,2,61001,759.4644503485648,1
sinusoid,B,0.07,3,54401,718.0429450161622,1
sinusoid,B,0.07,4,48401,675.0436302621296,1
sinusoid,B,0.07,5,23801,474.23628304254106,1
sinusoid,B,0.07,6,40201,616.8211670446327,1
sinusoid,B,0.07,7,30401,534.5470540129215,1
sinusoid,B,0.07,8,14601,370.1240816487513,1
sinusoid,B,0.07,9,42801,637.5062715050062,1
sinusoid,B,0.05,0,164401,1249.070845391083,1
sinusoid,B,0.05,1,116001,1046.4090770900066,1
sinusoid,B,0.05,2,132601,1121.2033110966884,1
sinusoid,B,0.05,3,205001,1395.0727919044255,1
sinusoid,B,0.05,4,280601,1630.3990858179598,1
sinusoid,B,0.05,5,87001,908.4326163658656,1
sinusoid,B,0.05,6,616201,2420.3111606317743,1
sinusoid,B,0.05,7,339001,1793.6106543447693,1
sinusoid,B,0.05,8,229801,1476.5793649936459,1
sinusoid,B,0.05,9,57601,739.9987723589253,1
sinusoid,C,0.5,0,1,0.0,1
sinusoid,C,0.5,1,201,73.77755362123318,1
sinusoid,C,0.5,2,201,70.00553091037074,1
sinusoid,C,0.5,3,201,71.54617136040262,1
sinusoid,C,0.5,4,401,116.0861745500031,1
sinusoid,C,0.5,5,201,71.16859821011676,1
sinusoid,C,0.5,6,201,71.58914912525724,1
sinusoid,C,0.5,7,201,71.61857532911466,1
sinusoid,C,0.5,8,1,0.0,1
sinusoid,C,0.5,9,201,72.30283646679044,1
sinusoid,C,0.3,0,1201,257.60680513119723,1
sinusoid,C,0.3,1,1201,258.4620691918677,1
sinusoid,C,0.3,2,1401,284.38852023592017,1
sinusoid,C,0.3,3,1201,258.6211273863813,1
sinusoid,C,0.3,4,401,116.0861745500031,1
sinusoid,C,0.3,5,601,159.92725668100215,1
sinusoid,C,0.3,6,201,71.58914912525724,1
sinusoid,C,0.3,7,401,119.34374466685499,1
sinusoid,C,0.3,8,1401,284.7483079793407,1
sinusoid,C,0.3,9,1001,229.4433971025565,1
sinusoid,C,0.2,0,1201,257.60680513119723,1
sinusoid,C,0.2,1,2201,389.95556118476935,1
sinusoid,C,0.2,2,5801,748.0410608812202,1
sinusoid,C,0.2,3,1601,313.66230879698816,1
sinusoid,C,0.2,4,9201,1020.3528060245596,1
sinusoid,C,0.2,5,3801,566.5374892360626,1
sinusoid,C,0.2,6,1201,258.64397259046876,1
sinusoid,C,0.2,7,5401,715.5755087446769,1
sinusoid,C,0.2,8,2001,363.1206905618472,1
sinusoid,C,0.2,9,6601,823.5502405857347,1
sinusoid,C,0.15,0,9201,1024.1863907068077,1
sinusoid,C,0.15,1,15801,1467.783740891775,1
sinusoid,C,0.15,2,9801,1066.144219025424,1
sinusoid,C,0.15,3,9001,1008.7828291927165,1
sinusoid,C,0.15,4,18401,1622.385212407617,1
sinusoid,C,0.15,5,19401,1687.6731101611,1
sinusoid,C,0.15,6,8001,933.2203056087354,1
sinusoid,C,0.15,7,13201,1302.0819199082314,1
sinusoid,C,0.15,8,11401,1180.6492757753392,1
sinusoid,C,0.15,9,9401,1043.2903031595458,1
sinusoid,C,0.1,0,95001,4857.205858880138,1
sinusoid,C,0.1,1,55601,3392.559360945575,1
sinusoid,C,0.1,2,50601,3189.5084686612527,1
sinusoid,C,0.1,3,109201,5323.007348542669,1
sinusoid,C,0.1,4,62401,3663.2592111517524,1
sinusoid,C,0.1,5,104001,5157.3713993635965,1
sinusoid,C,0.1,6,55001,3376.44614532264,1
sinusoid,C,0.1,7,90801,4708.334837190939,1
sinusoid,C,0.1,8,17001,1541.290846561937,1
sinusoid,C,0.1,9,19001,1666.2712694469867,1
sinusoid,C,0.07,0,167401,7074.885799440326,1
sinusoid,C,0.07,1,413801,12908.83605713443,1
sinusoid,C,0.07,2,177001,7338.666738756981,1
sinusoid,C,0.07,3,374401,12081.271543103494,1
sinusoid,C,0.07,4,340601,11334.962394202917,1
sinusoid,C,0.07,5,249201,9217.052727405337,1
sinusoid,C,0.07,6,309201,10642.836557255065,1
sinusoid,C,0.07,7,238401,8946.411039697163,1
sinusoid,C,0.07,8,360601,11783.02611510875,1
sinusoid,C,0.07,9,19001,1666.2712694469867,1
sinusoid,C,0.05,0,770601,19530.614772710112,1
sinusoid,C,0.05,1,696601,18254.56527625695,1
sinusoid,C,0.05,2,1000000,23232.436279261332,budget_limited
sinusoid,C,0.05,3,1000000,23222.46042620064,budget_limited
sinusoid,C,0.05,4,1000000,23217.917614125778,budget_limited
sinusoid,C,0.05,5,1000000,23232.736498408896,budget_limited
sinusoid,C,0.05,6,1000000,23235.851688170973,budget_limited
sinusoid,C,0.05,7,1000000,23230.277943606317,budget_limited
sinusoid,C,0.05,8,715001,18577.461066117907,1
sinusoid,C,0.05,9,134401,6118.690611536344,1
sinusoid,D,0.5,0,1,0.0,1
sinusoid,D,0.5,1,201,127.37130230313568,1
sinusoid,D,0.5,2,201,123.65401218822213,1
sinusoid,D,0.5,3,201,125.95152127717766,1
sinusoid,D,0.5,4,201,121.66098891629089,1
sinusoid,D,0.5,5,201,123.57098100708063,1
sinusoid,D,0.5,6,201,126.55732919515093,1
sinusoid,D,0.5,7,201,126.08537960353534,1
sinusoid,D,0.5,8,1,0.0,1
sinusoid,D,0.5,9,201,126.72000773231711,1
sinusoid,D,0.3,0,1001,479.90585731754373,1
sinusoid,D,0.3,1,601,320.1111161221602,1
sinusoid,D,0.3,2,201,123.65401218822213,1
sinusoid,D,0.3,3,1001,485.199291938041,1
sinusoid,D,0.3,4,401,222.715494316986,1
sinusoid,D,0.3,5,801,405.90404231708453,1
sinusoid,D,0.3,6,201,126.55732919515093,1
sinusoid,D,0.3,7,601,321.4848957526301,1
sinusoid,D,0.3,8,601,319.0088823218828,1
sinusoid,D,0.3,9,801,410.71526279812304,1
sinusoid,D,0.2,0,2001,829.5234036824681,1
sinusoid,D,0.2,1,601,320.1111161221602,1
sinusoid,D,0.2,2,2801,1074.8928844047698,1
sinusoid,D,0.2,3,1601,699.8840045007371,1
sinusoid,D,0.2,4,1201,551.8972938177757,1
sinusoid,D,0.2,5,1801,776.9913208265754,1
sinusoid,D,0.2,6,2001,832.3046381814286,1
sinusoid,D,0.2,7,1001,483.63503193737887,1
sinusoid,D,0.2,8,601,319.0088823218828,1
sinusoid,D,0.2,9,4801,1641.3283172348174,1
sinusoid,D,0.15,0,2401,956.2903554615712,1
sinusoid,D,0.15,1,7201,2221.5089205455733,1
sinusoid,D,0.15,2,6001,1929.3541632144775,1
sinusoid,D,0.15,3,3001,1140.9263193980694,1
sinusoid,D,0.15,4,1201,551.8972938177757,1
sinusoid,D,0.15,5,5801,1893.069434734322,1
sinusoid,D,0.15,6,6201,1983.0248060513654,1
sinusoid,D,0.15,7,2001,830.2131847540605,1
sinusoid,D,0.15,8,6001,1932.700584801077,1
sinusoid,D,0.15,9,4801,1641.3283172348174,1
sinusoid,D,0.1,0,25001,5741.336411249284,1
sinusoid,D,0.1,1,21601,5124.062826887811,1
sinusoid,D,0.1,2,31201,6767.916489761969,1
sinusoid,D,0.1,3,10601,2995.3344875344656,1
sinusoid,D,0.1,4,11001,3064.08042934395,1
sinusoid,D,0.1,5,27001,6083.246619171759,1
sinusoid,D,0.1,6,13601,3607.7291001819967,1
sinusoid,D,0.1,7,18801,4614.96795429692,1
sinusoid,D,0.1,8,8801,2590.953425869696,1
sinusoid,D,0.1,9,15401,3977.048689682953,1
sinusoid,D,0.07,0,25001,5741.336411249284,1
sinusoid,D,0.07,1,112801,17815.41750416137,1
sinusoid,D,0.07,2,31201,6767.916489761969,1
sinusoid,D,0.07,3,116601,18290.348250414347,1
sinusoid,D,0.07,4,87401,14681.687254709383,1
sinusoid,D,0.07,5,33801,7200.709546458023,1
sinusoid,D,0.07,6,83801,14255.104413167288,1
sinusoid,D,0.07,7,38401,7911.8252548809205,1
sinusoid,D,0.07,8,72401,12773.228262349852,1
sinusoid,D,0.07,9,18401,4551.702005192348,1
sinusoid,D,0.05,0,377601,44211.60755633353,1
sinusoid,D,0.05,1,463201,51529.81392515299,1
sinusoid,D,0.05,2,525601,56677.51468361471,1
sinusoid,D,0.05,3,120801,18780.481880536532,1
sinusoid,D,0.05,4,467601,51854.998775391745,1
sinusoid,D,0.05,5,33801,7200.709546458023,1
sinusoid,D,0.05,6,83801,14255.104413167288,1
sinusoid,D,0.05,7,444201,49953.169312669685,1
sinusoid,D,0.05,8,334801,40387.36097150635,1
sinusoid,D,0.05,9,329401,39934.16379419219,1
